,TWII
2007/1/2,7920.8
2007/1/3,7917.3
2007/1/4,7934.51
2007/1/5,7835.57
2007/1/8,7736.71
2007/1/9,7790.01
2007/1/10,7698.52
2007/1/11,7618.55
2007/1/12,7761.71
2007/1/15,7783.5
2007/1/16,7792.08
2007/1/17,7833.98
2007/1/18,7895.18
2007/1/19,7840.08
2007/1/22,7842.47
2007/1/23,7852.36
2007/1/24,7935.54
2007/1/25,7923.77
2007/1/26,7821.32
2007/1/29,7751.79
2007/1/30,7739.91
2007/1/31,7699.64
2007/2/1,7701.54
2007/2/2,7777.03
2007/2/5,7783.12
2007/2/6,7875.75
2007/2/7,7850.06
2007/2/8,7842.22
2007/2/9,7859.53
2007/2/12,7776.36
2007/2/13,7736.83
2007/2/14,7809.45
2007/2/26,7900.2
2007/2/27,7901.96
2007/3/1,7678.67
2007/3/2,7670.77
2007/3/3,7630.15
2007/3/5,7344.56
2007/3/6,7451.06
2007/3/7,7480.89
2007/3/8,7573.87
2007/3/9,7568.2
2007/3/12,7629.15
2007/3/13,7684
2007/3/14,7570.27
2007/3/15,7695.96
2007/3/16,7719.8
2007/3/19,7737.46
2007/3/20,7736.2
2007/3/21,7757.03
2007/3/22,7823.67
2007/3/23,7859.32
2007/3/26,7877.82
2007/3/27,7845.17
2007/3/28,7788.14
2007/3/29,7848.33
2007/3/30,7884.41
2007/4/2,7884.99
2007/4/3,7932.91
2007/4/4,8004.61
2007/4/9,8056.56
2007/4/10,8048.39
2007/4/11,8084.45
2007/4/12,8075.2
2007/4/13,8002.3
2007/4/14,8045.12
2007/4/16,8043.54
2007/4/17,7959.29
2007/4/18,8003.31
2007/4/19,7888.63
2007/4/20,7942.67
2007/4/23,8010.46
2007/4/24,8045.01
2007/4/25,7984.65
2007/4/26,8000.04
2007/4/27,7949.42
2007/4/30,7875.42
2007/5/2,7903.04
2007/5/3,7926.66
2007/5/4,8066.06
2007/5/7,8115.27
2007/5/8,8095.84
2007/5/9,8052.7
2007/5/10,8096.86
2007/5/11,8031.54
2007/5/14,8030.56
2007/5/15,7975.03
2007/5/16,7988.57
2007/5/17,8037.96
2007/5/18,8034.14
2007/5/21,8141.59
2007/5/22,8188.63
2007/5/23,8221.79
2007/5/24,8216.41
2007/5/25,8159.97
2007/5/28,8156.82
2007/5/29,8181.49
2007/5/30,8147.34
2007/5/31,8144.95
2007/6/1,8249.9
2007/6/4,8294.79
2007/6/5,8303.99
2007/6/6,8314.68
2007/6/7,8355.26
2007/6/8,8300.71
2007/6/11,8338.88
2007/6/12,8370.26
2007/6/13,8346.39
2007/6/14,8450.72
2007/6/15,8573.64
2007/6/20,8755.88
2007/6/21,8851.99
2007/6/22,8846.39
2007/6/23,8812.91
2007/6/25,8939.19
2007/6/26,8865.75
2007/6/27,8844.22
2007/6/28,8892.83
2007/6/29,8883.21
2007/7/2,8939.49
2007/7/3,8996.2
2007/7/4,9068.98
2007/7/5,9148.78
2007/7/6,9188.31
2007/7/9,9369.84
2007/7/10,9384.73
2007/7/11,9290.95
2007/7/12,9354.41
2007/7/13,9471.3
2007/7/16,9417.32
2007/7/17,9509.73
2007/7/18,9485.35
2007/7/19,9473.31
2007/7/20,9585.9
2007/7/23,9621.57
2007/7/24,9744.06
2007/7/25,9740.13
2007/7/26,9566.42
2007/7/27,9162.28
2007/7/30,9072.57
2007/7/31,9287.25
2007/8/1,8891.88
2007/8/2,8950.57
2007/8/3,9057.82
2007/8/6,8941.73
2007/8/7,8862.31
2007/8/8,9099.46
2007/8/9,9182.6
2007/8/10,8931.31
2007/8/13,8938.96
2007/8/14,8910.99
2007/8/15,8593.04
2007/8/16,8201.37
2007/8/17,8090.29
2007/8/20,8515.6
2007/8/21,8479.08
2007/8/22,8493.46
2007/8/23,8732.84
2007/8/24,8690.09
2007/8/27,8718.31
2007/8/28,8727.55
2007/8/29,8643.32
2007/8/30,8771.21
2007/8/31,8982.16
2007/9/3,8979.96
2007/9/4,8922.98
2007/9/5,8913.85
2007/9/6,9017.08
2007/9/7,9018.08
2007/9/10,8937.58
2007/9/11,9003.12
2007/9/12,9018.12
2007/9/13,8927.42
2007/9/14,9031.63
2007/9/17,8899.91
2007/9/19,8926.38
2007/9/20,8983.03
2007/9/21,9105.28
2007/9/26,9257.47
2007/9/27,9413.65
2007/9/28,9411.95
2007/9/29,9476.52
2007/10/1,9488.5
2007/10/2,9623.25
2007/10/3,9700.07
2007/10/4,9627.39
2007/10/5,9617.26
2007/10/8,9717.17
2007/10/9,9639.83
2007/10/11,9697.67
2007/10/12,9496.47
2007/10/15,9518.45
2007/10/16,9592.47
2007/10/17,9562.16
2007/10/18,9637.07
2007/10/19,9611.72
2007/10/22,9360.63
2007/10/23,9502.39
2007/10/24,9442.62
2007/10/25,9568.26
2007/10/26,9631.51
2007/10/29,9809.88
2007/10/30,9757.93
2007/10/31,9711.37
2007/11/1,9598.23
2007/11/2,9273.09
2007/11/5,9308.6
2007/11/6,9292.8
2007/11/7,9300.22
2007/11/8,8937.58
2007/11/9,8970.92
2007/11/12,8670.61
2007/11/13,8727.21
2007/11/14,8942.93
2007/11/15,8905.41
2007/11/16,8764.82
2007/11/19,8680.71
2007/11/20,8680.86
2007/11/21,8484.11
2007/11/22,8499.37
2007/11/23,8342.2
2007/11/26,8528.33
2007/11/27,8375.76
2007/11/28,8276.26
2007/11/29,8447.03
2007/11/30,8586.4
2007/12/3,8583.84
2007/12/4,8651.28
2007/12/5,8676.95
2007/12/6,8694.41
2007/12/7,8722.38
2007/12/10,8598.03
2007/12/11,8638.33
2007/12/12,8490.84
2007/12/13,8187.95
2007/12/14,8118.08
2007/12/17,7830.85
2007/12/18,7807.39
2007/12/19,8014.31
2007/12/20,7857.08
2007/12/21,7941.44
2007/12/24,8135.48
2007/12/25,8167.07
2007/12/26,8156.39
2007/12/27,8313.72
2007/12/28,8396.95
2007/12/31,8506.28
2008/1/2,8323.05
2008/1/3,8184.2
2008/1/4,8221.1
2008/1/7,7883.37
2008/1/8,7962.91
2008/1/9,8085.06
2008/1/10,8057.27
2008/1/11,8029.31
2008/1/14,8173.41
2008/1/15,8428.84
2008/1/16,8179.54
2008/1/17,8101.63
2008/1/18,8184.65
2008/1/21,8110.2
2008/1/22,7581.96
2008/1/23,7408.4
2008/1/24,7517.05
2008/1/25,7739.59
2008/1/28,7485.79
2008/1/29,7576.42
2008/1/30,7543.5
2008/1/31,7521.13
2008/2/1,7673.99
2008/2/12,7553.3
2008/2/13,7550.55
2008/2/14,7865.28
2008/2/15,7876.37
2008/2/18,7890.9
2008/2/19,8024.41
2008/2/20,7894.47
2008/2/21,8085.93
2008/2/22,8108.71
2008/2/25,8286.31
2008/2/26,8307.67
2008/2/27,8462.08
2008/2/29,8412.76
2008/3/3,8262.87
2008/3/4,8470.11
2008/3/5,8483.95
2008/3/6,8658.64
2008/3/7,8531.38
2008/3/10,8299.37
2008/3/11,8381.6
2008/3/12,8435.3
2008/3/13,8210.99
2008/3/14,8161.39
2008/3/17,8005.46
2008/3/18,8057.82
2008/3/19,8179.35
2008/3/20,8337.62
2008/3/21,8524.99
2008/3/24,8865.35
2008/3/25,8795.09
2008/3/26,8768.02
2008/3/27,8605.95
2008/3/28,8623.48
2008/3/31,8572.59
2008/4/1,8419.72
2008/4/2,8605.32
2008/4/3,8596.34
2008/4/7,8729.79
2008/4/8,8672.85
2008/4/9,8667.93
2008/4/10,8829.4
2008/4/11,8909.58
2008/4/14,8892.68
2008/4/15,8924.78
2008/4/16,9066.04
2008/4/17,9090.43
2008/4/18,9074.34
2008/4/21,9083.32
2008/4/22,9037.25
2008/4/23,9008.49
2008/4/24,8990.33
2008/4/25,8947.83
2008/4/28,9079.6
2008/4/29,8891.74
2008/4/30,8919.92
2008/5/2,8963.63
2008/5/5,8837.07
2008/5/6,8857.37
2008/5/7,8926.34
2008/5/8,8866.62
2008/5/9,8792.39
2008/5/12,8830.05
2008/5/13,8989.53
2008/5/14,9018.42
2008/5/15,9157.18
2008/5/16,9197.41
2008/5/19,9295.2
2008/5/20,9068.89
2008/5/21,9015.57
2008/5/22,9008.03
2008/5/23,8834.73
2008/5/26,8707.83
2008/5/27,8778.39
2008/5/28,8665.73
2008/5/29,8684.92
2008/5/30,8619.08
2008/6/2,8724.47
2008/6/3,8579.43
2008/6/4,8627.8
2008/6/5,8738.46
2008/6/6,8745.35
2008/6/9,8587.96
2008/6/10,8370
2008/6/11,8345.59
2008/6/12,8062.31
2008/6/13,8105.59
2008/6/16,8169.77
2008/6/17,8201.79
2008/6/18,8217.58
2008/6/19,8047.74
2008/6/20,7902.44
2008/6/23,7876.49
2008/6/24,7738.12
2008/6/25,7855.06
2008/6/26,7811.8
2008/6/27,7548.76
2008/6/30,7523.54
2008/7/1,7407.98
2008/7/2,7353.86
2008/7/3,7394.1
2008/7/4,7228.41
2008/7/7,7341.11
2008/7/8,7051.85
2008/7/9,7048.25
2008/7/10,7075.65
2008/7/11,7244.76
2008/7/14,7156.96
2008/7/15,6834.24
2008/7/16,6710.64
2008/7/17,6974.51
2008/7/18,6815.32
2008/7/21,7085.67
2008/7/22,7065.65
2008/7/23,7309.83
2008/7/24,7368.08
2008/7/25,7233.62
2008/7/29,7014.47
2008/7/30,7070.35
2008/7/31,7024.06
2008/8/1,7002.54
2008/8/4,6977.36
2008/8/5,6813.4
2008/8/6,7026.24
2008/8/7,7024.58
2008/8/8,7209.04
2008/8/11,7325.62
2008/8/12,7293.8
2008/8/13,7292.34
2008/8/14,7326.07
2008/8/15,7196.5
2008/8/18,7000.74
2008/8/19,6978.6
2008/8/20,7040.9
2008/8/21,6918.48
2008/8/22,6911.64
2008/8/25,7030.72
2008/8/26,6964.6
2008/8/27,7080.97
2008/8/28,7033.37
2008/8/29,7046.11
2008/9/1,6813.09
2008/9/2,6699.82
2008/9/3,6584.93
2008/9/4,6412.63
2008/9/5,6307.28
2008/9/8,6658.69
2008/9/9,6424.77
2008/9/10,6458.01
2008/9/11,6251.95
2008/9/12,6310.68
2008/9/15,6052.45
2008/9/16,5756.59
2008/9/17,5800.87
2008/9/18,5641.95
2008/9/19,5970.38
2008/9/22,6110.6
2008/9/23,6182.21
2008/9/24,6132.6
2008/9/25,6060.83
2008/9/26,5929.63
2008/9/30,5719.28
2008/10/1,5764.01
2008/10/2,5703.72
2008/10/3,5742.23
2008/10/6,5505.7
2008/10/7,5524.66
2008/10/8,5206.4
2008/10/9,5130.71
2008/10/13,5020.44
2008/10/14,5291.56
2008/10/15,5246.26
2008/10/16,5075.97
2008/10/17,4960.4
2008/10/20,4931.84
2008/10/21,4942.72
2008/10/22,4862.59
2008/10/23,4730.51
2008/10/24,4579.62
2008/10/27,4366.87
2008/10/28,4399.97
2008/10/29,4406.52
2008/10/30,4683.64
2008/10/31,4870.66
2008/11/3,4995.06
2008/11/4,4992.63
2008/11/5,4978.26
2008/11/6,4694.12
2008/11/7,4742.33
2008/11/10,4740.27
2008/11/11,4638.57
2008/11/12,4615.57
2008/11/13,4437.83
2008/11/14,4452.7
2008/11/17,4439.8
2008/11/18,4305.18
2008/11/19,4284.09
2008/11/20,4089.93
2008/11/21,4171.1
2008/11/24,4160.54
2008/11/25,4266.49
2008/11/26,4271.8
2008/11/27,4453.75
2008/11/28,4460.49
2008/12/1,4518.43
2008/12/2,4356.98
2008/12/3,4307.26
2008/12/4,4254.96
2008/12/5,4225.07
2008/12/8,4418.33
2008/12/9,4472.66
2008/12/10,4658.87
2008/12/11,4655.57
2008/12/12,4481.27
2008/12/15,4613.72
2008/12/16,4616.89
2008/12/17,4648.02
2008/12/18,4694.81
2008/12/19,4694.52
2008/12/22,4535.54
2008/12/23,4405.86
2008/12/24,4423.09
2008/12/25,4413.45
2008/12/26,4425.08
2008/12/29,4416.16
2008/12/30,4589.04
2008/12/31,4591.22
2009/1/5,4698.31
2009/1/6,4727.26
2009/1/7,4789.84
2009/1/8,4535.79
2009/1/9,4502.74
2009/1/10,4467.53
2009/1/12,4453.9
2009/1/13,4532.36
2009/1/14,4521.47
2009/1/15,4320.77
2009/1/16,4353.7
2009/1/17,4366.1
2009/1/19,4366.76
2009/1/20,4242.61
2009/1/21,4247.97
2009/2/2,4259.98
2009/2/3,4372.81
2009/2/4,4389.97
2009/2/5,4363.25
2009/2/6,4471.25
2009/2/9,4494.59
2009/2/10,4526.1
2009/2/11,4575.95
2009/2/12,4466.42
2009/2/13,4592.5
2009/2/16,4591.26
2009/2/17,4491.78
2009/2/18,4498.37
2009/2/19,4528.87
2009/2/20,4436.94
2009/2/23,4477.78
2009/2/24,4430.18
2009/2/25,4493.74
2009/2/26,4518.56
2009/2/27,4557.15
2009/3/2,4425.83
2009/3/3,4435.34
2009/3/4,4541.42
2009/3/5,4637.2
2009/3/6,4653.63
2009/3/9,4628.24
2009/3/10,4671.02
2009/3/11,4759.96
2009/3/12,4754.65
2009/3/13,4897.39
2009/3/16,4971.32
2009/3/17,5041.39
2009/3/18,5047.54
2009/3/19,5035.93
2009/3/20,4961.62
2009/3/23,5124.18
2009/3/24,5242.18
2009/3/25,5346.38
2009/3/26,5386.56
2009/3/27,5390.7
2009/3/30,5206.05
2009/3/31,5210.84
2009/4/1,5314.45
2009/4/2,5473.78
2009/4/3,5529.63
2009/4/6,5556.22
2009/4/7,5576.85
2009/4/8,5443.56
2009/4/9,5667.8
2009/4/10,5781.96
2009/4/13,5857.64
2009/4/14,5892.68
2009/4/15,5875.19
2009/4/16,5997.17
2009/4/17,5755.38
2009/4/20,5781.66
2009/4/21,5881.41
2009/4/22,5886.11
2009/4/23,5875.24
2009/4/24,5880.77
2009/4/27,5705.05
2009/4/28,5596.73
2009/4/29,5614.06
2009/4/30,5992.57
2009/5/4,6330.4
2009/5/5,6379.94
2009/5/6,6566.7
2009/5/7,6572.87
2009/5/8,6583.87
2009/5/11,6647.5
2009/5/12,6432.55
2009/5/13,6485.14
2009/5/14,6364.17
2009/5/15,6489.09
2009/5/18,6577.81
2009/5/19,6655.59
2009/5/20,6703.62
2009/5/21,6718.81
2009/5/22,6737.29
2009/5/25,6734.46
2009/5/26,6683.11
2009/5/27,6890.44
2009/6/1,6954.1
2009/6/2,6949.08
2009/6/3,6893.14
2009/6/4,6786.06
2009/6/5,6767.1
2009/6/6,6856.74
2009/6/8,6628.02
2009/6/9,6414.39
2009/6/10,6462.27
2009/6/11,6567.37
2009/6/12,6448.23
2009/6/15,6225.56
2009/6/16,6220.81
2009/6/17,6195.91
2009/6/18,6144.53
2009/6/19,6231.15
2009/6/22,6341.21
2009/6/23,6197.47
2009/6/24,6380.08
2009/6/25,6457.61
2009/6/26,6463.56
2009/6/29,6391.15
2009/6/30,6432.16
2009/7/1,6578.97
2009/7/2,6667.53
2009/7/3,6665.4
2009/7/6,6649.91
2009/7/7,6715.22
2009/7/8,6668.14
2009/7/9,6748.18
2009/7/10,6769.86
2009/7/13,6530.82
2009/7/14,6639.41
2009/7/15,6738.6
2009/7/16,6780.3
2009/7/17,6850.99
2009/7/20,6938.86
2009/7/21,6953.34
2009/7/22,6985.32
2009/7/23,6980.88
2009/7/24,6973.28
2009/7/27,7028.43
2009/7/28,7142.63
2009/7/29,7083.63
2009/7/30,7027.11
2009/7/31,7077.71
2009/8/3,7056.71
2009/8/4,6955.87
2009/8/5,6848.24
2009/8/6,6868.65
2009/8/10,6882.87
2009/8/11,6909.02
2009/8/12,6898.9
2009/8/13,7034.96
2009/8/14,7069.51
2009/8/17,6931.8
2009/8/18,6789.77
2009/8/19,6788.58
2009/8/20,6733.23
2009/8/21,6654.8
2009/8/24,6838.25
2009/8/25,6809.41
2009/8/26,6719.21
2009/8/27,6690.75
2009/8/28,6809.86
2009/8/31,6825.95
2009/9/1,7019.75
2009/9/2,7039.77
2009/9/3,7104.65
2009/9/4,7153.13
2009/9/7,7224.59
2009/9/8,7313.99
2009/9/9,7250.72
2009/9/10,7332.08
2009/9/11,7337.14
2009/9/14,7256.95
2009/9/15,7346.26
2009/9/16,7440.24
2009/9/17,7477.3
2009/9/18,7526.55
2009/9/21,7502.46
2009/9/22,7469.03
2009/9/23,7376.76
2009/9/24,7324.22
2009/9/25,7345.22
2009/9/28,7284.61
2009/9/29,7429.98
2009/9/30,7509.17
2009/10/1,7545.29
2009/10/2,7411.88
2009/10/5,7437.98
2009/10/6,7536.05
2009/10/7,7608.66
2009/10/8,7503.31
2009/10/9,7571.96
2009/10/12,7599.88
2009/10/13,7596.6
2009/10/14,7695.75
2009/10/15,7710.4
2009/10/16,7715.1
2009/10/19,7751.32
2009/10/20,7753.52
2009/10/21,7701.5
2009/10/22,7607.93
2009/10/23,7649.28
2009/10/26,7668.4
2009/10/27,7657.34
2009/10/28,7533.95
2009/10/29,7355.69
2009/10/30,7340.08
2009/11/2,7335.18
2009/11/3,7322.93
2009/11/4,7467.04
2009/11/5,7417.46
2009/11/6,7463.05
2009/11/9,7536.7
2009/11/10,7593.49
2009/11/11,7668.06
2009/11/12,7670.93
2009/11/13,7665.63
2009/11/16,7792.68
2009/11/17,7733.21
2009/11/18,7766.69
2009/11/19,7759.98
2009/11/20,7682.97
2009/11/23,7687.15
2009/11/24,7714.56
2009/11/25,7756.31
2009/11/26,7739.16
2009/11/27,7490.91
2009/11/30,7582.21
2009/12/1,7649.23
2009/12/2,7677.62
2009/12/3,7684.67
2009/12/4,7650.91
2009/12/7,7775.64
2009/12/8,7768.71
2009/12/9,7797.42
2009/12/10,7677.91
2009/12/11,7795.07
2009/12/14,7819.13
2009/12/15,7807.62
2009/12/16,7751.6
2009/12/17,7742.17
2009/12/18,7753.63
2009/12/21,7787.27
2009/12/22,7856
2009/12/23,7901.5
2009/12/24,7963.54
2009/12/25,7972.59
2009/12/28,8057.49
2009/12/29,8053.83
2009/12/30,8112.28
2009/12/31,8188.11
2010/1/4,8207.85
2010/1/5,8211.4
2010/1/6,8327.62
2010/1/7,8237.42
2010/1/8,8280.9
2010/1/11,8323.82
2010/1/12,8309.37
2010/1/13,8196.56
2010/1/14,8289.98
2010/1/15,8356.89
2010/1/18,8337.82
2010/1/19,8249
2010/1/20,8220.93
2010/1/21,8127.87
2010/1/22,7927.31
2010/1/25,7872.99
2010/1/26,7598.81
2010/1/27,7560.03
2010/1/28,7694.58
2010/1/29,7640.44
2010/2/1,7524.67
2010/2/2,7429.61
2010/2/3,7547.98
2010/2/4,7542.04
2010/2/5,7217.83
2010/2/6,7212.87
2010/2/8,7215.88
2010/2/9,7361.04
2010/2/10,7441.84
2010/2/22,7560.04
2010/2/23,7597.44
2010/2/24,7529.67
2010/2/25,7426.96
2010/2/26,7436.1
2010/3/1,7577.75
2010/3/2,7597.62
2010/3/3,7629.52
2010/3/4,7569.8
2010/3/5,7666.26
2010/3/8,7762.27
2010/3/9,7770.59
2010/3/10,7779.08
2010/3/11,7749.66
2010/3/12,7748.33
2010/3/15,7634.92
2010/3/16,7695.63
2010/3/17,7847.84
2010/3/18,7886.34
2010/3/19,7897.91
2010/3/22,7835.98
2010/3/23,7811.87
2010/3/24,7822.71
2010/3/25,7838.1
2010/3/26,7876.86
2010/3/29,7947.45
2010/3/30,7962.22
2010/3/31,7920.06
2010/4/1,8013.09
2010/4/2,8025.93
2010/4/6,8089.65
2010/4/7,8121.78
2010/4/8,8057.6
2010/4/9,8092.03
2010/4/12,8117.75
2010/4/13,8029.73
2010/4/14,8097.13
2010/4/15,8171.94
2010/4/16,8111.57
2010/4/19,7854.22
2010/4/20,7900.42
2010/4/21,7990.53
2010/4/22,7978.69
2010/4/23,8004.89
2010/4/26,8158.14
2010/4/27,8146.44
2010/4/28,8081.55
2010/4/29,8054.05
2010/4/30,8004.25
2010/5/3,7952.17
2010/5/4,7930.77
2010/5/5,7696.9
2010/5/6,7579.48
2010/5/7,7567.1
2010/5/10,7664.73
2010/5/11,7608.44
2010/5/12,7602.7
2010/5/13,7770.57
2010/5/14,7772.13
2010/5/17,7598.72
2010/5/18,7585.3
2010/5/19,7559.16
2010/5/20,7424.43
2010/5/21,7237.71
2010/5/24,7322.73
2010/5/25,7086.37
2010/5/26,7167.35
2010/5/27,7243.16
2010/5/28,7295.32
2010/5/31,7373.98
2010/6/1,7289.33
2010/6/2,7195.71
2010/6/3,7360.28
2010/6/4,7344.59
2010/6/7,7157.83
2010/6/8,7151.99
2010/6/9,7071.67
2010/6/10,7181.77
2010/6/11,7299.49
2010/6/14,7387.4
2010/6/15,7454.06
2010/6/17,7515.78
2010/6/18,7493.11
2010/6/21,7635.56
2010/6/22,7612.68
2010/6/23,7582.15
2010/6/24,7589.89
2010/6/25,7474.71
2010/6/28,7500.79
2010/6/29,7423.57
2010/6/30,7329.37
2010/7/1,7254.06
2010/7/2,7330.74
2010/7/5,7439.96
2010/7/6,7548.48
2010/7/7,7534.46
2010/7/8,7608.85
2010/7/9,7647.25
2010/7/12,7639.55
2010/7/13,7597.42
2010/7/14,7714.51
2010/7/15,7704.52
2010/7/16,7664.57
2010/7/19,7649.83
2010/7/20,7712.03
2010/7/21,7701.29
2010/7/22,7666.34
2010/7/23,7761.22
2010/7/26,7787.45
2010/7/27,7748.01
2010/7/28,7784.81
2010/7/29,7798.99
2010/7/30,7760.63
2010/8/2,7911.68
2010/8/3,7957.53
2010/8/4,7972.66
2010/8/5,7936.85
2010/8/6,7963.3
2010/8/9,8034.49
2010/8/10,7976.74
2010/8/11,7895.03
2010/8/12,7829.79
2010/8/13,7891.58
2010/8/16,7941.22
2010/8/17,7931.09
2010/8/18,7924.1
2010/8/19,7928.94
2010/8/20,7927.31
2010/8/23,7975.93
2010/8/24,7940.64
2010/8/25,7736.98
2010/8/26,7689.74
2010/8/27,7722.91
2010/8/30,7741.2
2010/8/31,7616.28
2010/9/1,7668.25
2010/9/2,7720.82
2010/9/3,7830.21
2010/9/6,7890.95
2010/9/7,7884.4
2010/9/8,7851.31
2010/9/9,7835.54
2010/9/10,7890.11
2010/9/13,8091.3
2010/9/14,8132.6
2010/9/15,8163.82
2010/9/16,8099.75
2010/9/17,8158.33
2010/9/20,8186.96
2010/9/21,8196.4
2010/9/23,8202.54
2010/9/24,8166.62
2010/9/27,8191.54
2010/9/28,8189.44
2010/9/29,8240.89
2010/9/30,8237.78
2010/10/1,8244.18
2010/10/4,8246.1
2010/10/5,8200.43
2010/10/6,8284.03
2010/10/7,8283.92
2010/10/8,8244.19
2010/10/11,8176.76
2010/10/12,8090.22
2010/10/13,8106.66
2010/10/14,8215.45
2010/10/15,8205.3
2010/10/18,8060.54
2010/10/19,8046.23
2010/10/20,8124.62
2010/10/21,8131.23
2010/10/22,8168.06
2010/10/25,8306.98
2010/10/26,8343.23
2010/10/27,8291.04
2010/10/28,8354.05
2010/10/29,8287.09
2010/11/1,8379.75
2010/11/2,8344.76
2010/11/3,8293.9
2010/11/4,8357.85
2010/11/5,8449.34
2010/11/8,8430.58
2010/11/9,8445.63
2010/11/10,8450.63
2010/11/11,8436.95
2010/11/12,8316.05
2010/11/15,8240.65
2010/11/16,8312.21
2010/11/17,8255.54
2010/11/18,8283.45
2010/11/19,8306.12
2010/11/22,8374.91
2010/11/23,8328.63
2010/11/24,8297.05
2010/11/25,8349.99
2010/11/26,8312.15
2010/11/29,8367.17
2010/11/30,8372.48
2010/12/1,8520.11
2010/12/2,8585.77
2010/12/3,8624.01
2010/12/6,8702.23
2010/12/7,8704.39
2010/12/8,8703.79
2010/12/9,8753.84
2010/12/10,8718.83
2010/12/13,8736.59
2010/12/14,8740.43
2010/12/15,8756.71
2010/12/16,8782.2
2010/12/17,8817.9
2010/12/20,8768.72
2010/12/21,8827.79
2010/12/22,8860.49
2010/12/23,8898.87
2010/12/24,8861.1
2010/12/27,8892.31
2010/12/28,8870.76
2010/12/29,8866.35
2010/12/30,8907.91
2010/12/31,8972.5
2011/1/3,9025.3
2011/1/4,8997.19
2011/1/5,8846.31
2011/1/6,8883.21
2011/1/7,8782.72
2011/1/10,8817.88
2011/1/11,8931.36
2011/1/12,8965
2011/1/13,8975.58
2011/1/14,8972.51
2011/1/17,8925.09
2011/1/18,8988
2011/1/19,9086.02
2011/1/20,9022.17
2011/1/21,8954.38
2011/1/24,8947.79
2011/1/25,8991.39
2011/1/26,9055.59
2011/1/27,9102.33
2011/1/28,9145.35
2011/2/8,9111.46
2011/2/9,9006.82
2011/2/10,8836.56
2011/2/11,8609.86
2011/2/14,8685.47
2011/2/15,8721.93
2011/2/16,8712.96
2011/2/17,8683.88
2011/2/18,8843.84
2011/2/21,8839.22
2011/2/22,8673.67
2011/2/23,8528.94
2011/2/24,8541.64
2011/2/25,8599.65
2011/3/1,8727.56
2011/3/2,8619.9
2011/3/3,8738.37
2011/3/4,8784.4
2011/3/7,8713.79
2011/3/8,8747.75
2011/3/9,8750.02
2011/3/10,8642.9
2011/3/11,8567.82
2011/3/14,8520.02
2011/3/15,8234.78
2011/3/16,8324.58
2011/3/17,8282.69
2011/3/18,8394.75
2011/3/21,8467.71
2011/3/22,8508.04
2011/3/23,8545.08
2011/3/24,8576.4
2011/3/25,8610.39
2011/3/28,8553.06
2011/3/29,8596.57
2011/3/30,8646.31
2011/3/31,8683.3
2011/4/1,8705.13
2011/4/6,8851.98
2011/4/7,8901.72
2011/4/8,8894.54
2011/4/11,8880.27
2011/4/12,8732.59
2011/4/13,8780.2
2011/4/14,8802.73
2011/4/15,8718.12
2011/4/18,8714.48
2011/4/19,8638.55
2011/4/20,8813.28
2011/4/21,8957.65
2011/4/22,8969.43
2011/4/25,8950.75
2011/4/26,8948.14
2011/4/27,9049.25
2011/4/28,9040.77
2011/4/29,9007.87
2011/5/3,8946.08
2011/5/4,8947.35
2011/5/5,9018.61
2011/5/6,8977.23
2011/5/9,9035.48
2011/5/10,9023.28
2011/5/11,9020.4
2011/5/12,9033.68
2011/5/13,9006.61
2011/5/16,8911.71
2011/5/17,8884.09
2011/5/18,8944.84
2011/5/19,8892.88
2011/5/20,8837.03
2011/5/23,8747.51
2011/5/24,8756.61
2011/5/25,8727.09
2011/5/26,8788.4
2011/5/27,8810
2011/5/30,8823.68
2011/5/31,8988.84
2011/6/1,9062.35
2011/6/2,8991.36
2011/6/3,9046.28
2011/6/7,9057.1
2011/6/8,9007.53
2011/6/9,9000.94
2011/6/10,8837.82
2011/6/13,8712.95
2011/6/14,8829.21
2011/6/15,8831.45
2011/6/16,8654.43
2011/6/17,8636.1
2011/6/20,8530.68
2011/6/21,8597.62
2011/6/22,8621.04
2011/6/23,8567.28
2011/6/24,8532.83
2011/6/27,8500.16
2011/6/28,8478.86
2011/6/29,8573.38
2011/6/30,8652.59
2011/7/1,8739.82
2011/7/4,8774.72
2011/7/5,8784.44
2011/7/6,8824.44
2011/7/7,8773.42
2011/7/8,8749.55
2011/7/11,8665.85
2011/7/12,8491.01
2011/7/13,8488.06
2011/7/14,8481.35
2011/7/15,8574.91
2011/7/18,8538.57
2011/7/19,8524.57
2011/7/20,8706.17
2011/7/21,8717.14
2011/7/22,8765.32
2011/7/25,8683.51
2011/7/26,8794.24
2011/7/27,8817.49
2011/7/28,8767.2
2011/7/29,8644.18
2011/8/1,8701.38
2011/8/2,8584.72
2011/8/3,8456.86
2011/8/4,8317.27
2011/8/5,7853.13
2011/8/8,7552.8
2011/8/9,7493.12
2011/8/10,7736.32
2011/8/11,7719.09
2011/8/12,7637.02
2011/8/15,7819.39
2011/8/16,7798.59
2011/8/17,7741.76
2011/8/18,7614.97
2011/8/19,7342.96
2011/8/22,7312.59
2011/8/23,7550.23
2011/8/24,7502.93
2011/8/25,7410.87
2011/8/26,7445.1
2011/8/29,7578.01
2011/8/30,7646.19
2011/8/31,7741.36
2011/9/1,7757.76
2011/9/2,7757.06
2011/9/5,7551.57
2011/9/6,7367.19
2011/9/7,7529.01
2011/9/8,7548.37
2011/9/9,7610.57
2011/9/13,7391.37
2011/9/14,7228.47
2011/9/15,7385.68
2011/9/16,7577.4
2011/9/19,7480.88
2011/9/20,7492.85
2011/9/21,7535.88
2011/9/22,7305.5
2011/9/23,7046.22
2011/9/26,6877.12
2011/9/27,7089.95
2011/9/28,7146.98
2011/9/29,7182.61
2011/9/30,7225.38
2011/10/3,7013.97
2011/10/4,7047.87
2011/10/5,6989.15
2011/10/6,7132
2011/10/7,7211.96
2011/10/11,7398.71
2011/10/12,7382.35
2011/10/13,7428.33
2011/10/14,7358.08
2011/10/17,7461.12
2011/10/18,7359.48
2011/10/19,7353.37
2011/10/20,7244.32
2011/10/21,7254.51
2011/10/24,7470.3
2011/10/25,7491.21
2011/10/26,7535.82
2011/10/27,7565.21
2011/10/28,7616.06
2011/10/31,7587.69
2011/11/1,7622.01
2011/11/2,7598.45
2011/11/3,7460.31
2011/11/4,7603.23
2011/11/7,7621.72
2011/11/8,7600.79
2011/11/9,7561.86
2011/11/10,7308.68
2011/11/11,7367.29
2011/11/14,7525.65
2011/11/15,7491.06
2011/11/16,7387.52
2011/11/17,7387.81
2011/11/18,7233.78
2011/11/21,7042.64
2011/11/22,7000.03
2011/11/23,6806.43
2011/11/24,6864.39
2011/11/25,6784.52
2011/11/28,6898.78
2011/11/29,6988.65
2011/11/30,6904.12
2011/12/1,7178.69
2011/12/2,7140.68
2011/12/5,7098.08
2011/12/6,6956.28
2011/12/7,7033
2011/12/8,6982.9
2011/12/9,6893.3
2011/12/12,6949.04
2011/12/13,6896.31
2011/12/14,6922.57
2011/12/15,6764.59
2011/12/16,6785.09
2011/12/19,6633.33
2011/12/20,6662.64
2011/12/21,6966.48
2011/12/22,6966.35
2011/12/23,7110.73
2011/12/26,7092.58
2011/12/27,7085.03
2011/12/28,7056.67
2011/12/29,7074.82
2011/12/30,7072.08
2012/1/2,6952.21
2012/1/3,7053.38
2012/1/4,7082.97
2012/1/5,7130.86
2012/1/6,7120.51
2012/1/9,7093.04
2012/1/10,7178.87
2012/1/11,7188.21
2012/1/12,7186.58
2012/1/13,7181.54
2012/1/16,7103.62
2012/1/17,7221.08
2012/1/18,7233.69
2012/1/30,7407.41
2012/1/31,7517.08
2012/2/1,7549.21
2012/2/2,7652.46
2012/2/3,7674.99
2012/2/4,7741.24
2012/2/6,7687.98
2012/2/7,7707.44
2012/2/8,7869.91
2012/2/9,7910.78
2012/2/10,7862.27
2012/2/13,7912.91
2012/2/14,7884.08
2012/2/15,8005.24
2012/2/16,7869.7
2012/2/17,7894.36
2012/2/20,7954.82
2012/2/21,7921.5
2012/2/22,8001.68
2012/2/23,7937.3
2012/2/24,7959.34
2012/2/29,8121.44
2012/3/1,8118.34
2012/3/2,8144.04
2012/3/3,8114.44
2012/3/5,8004.74
2012/3/6,7937.97
2012/3/7,7903.08
2012/3/8,7984.56
2012/3/9,8016.01
2012/3/12,7927.55
2012/3/13,8031.51
2012/3/14,8125.26
2012/3/15,8121.62
2012/3/16,8054.94
2012/3/19,8043.92
2012/3/20,7972.7
2012/3/21,7981.94
2012/3/22,8059.94
2012/3/23,8076.61
2012/3/26,7967.62
2012/3/27,8029.46
2012/3/28,8038.07
2012/3/29,7872.66
2012/3/30,7933
2012/4/2,7862.9
2012/4/3,7760.85
2012/4/5,7639.82
2012/4/6,7706.26
2012/4/9,7600.87
2012/4/10,7640.68
2012/4/11,7656.67
2012/4/12,7662.92
2012/4/13,7788.27
2012/4/16,7729.86
2012/4/17,7585.87
2012/4/18,7605
2012/4/19,7622.69
2012/4/20,7507.15
2012/4/23,7481.09
2012/4/24,7498.84
2012/4/25,7563.18
2012/4/26,7521.35
2012/4/27,7480.5
2012/4/30,7501.72
2012/5/2,7676.81
2012/5/3,7659.53
2012/5/4,7700.95
2012/5/7,7538.08
2012/5/8,7545.71
2012/5/9,7475.71
2012/5/10,7484.01
2012/5/11,7401.37
2012/5/14,7377.18
2012/5/15,7395.64
2012/5/16,7234.57
2012/5/17,7356.77
2012/5/18,7151.19
2012/5/21,7192.23
2012/5/22,7274.89
2012/5/23,7147.75
2012/5/24,7124.89
2012/5/25,7071.63
2012/5/28,7136
2012/5/29,7342.29
2012/5/30,7261.8
2012/5/31,7301.5
2012/6/1,7106.09
2012/6/4,6894.66
2012/6/5,7000.45
2012/6/6,7056.15
2012/6/7,7080.31
2012/6/8,6999.65
2012/6/11,7120.23
2012/6/12,7072.08
2012/6/13,7088.83
2012/6/14,7075.1
2012/6/15,7155.83
2012/6/18,7281.5
2012/6/19,7273.13
2012/6/20,7334.63
2012/6/21,7279.05
2012/6/22,7222.05
2012/6/25,7166.38
2012/6/26,7137.93
2012/6/27,7183.01
2012/6/28,7169.61
2012/6/29,7296.28
2012/7/2,7345.16
2012/7/3,7418.36
2012/7/4,7422.59
2012/7/5,7387.78
2012/7/6,7368.59
2012/7/9,7309.96
2012/7/10,7251.35
2012/7/11,7257.91
2012/7/12,7130.93
2012/7/13,7104.27
2012/7/16,7090.04
2012/7/17,7127
2012/7/18,7049.05
2012/7/19,7148.57
2012/7/20,7164.68
2012/7/23,7028.73
2012/7/24,7008.35
2012/7/25,6979.13
2012/7/26,6970.69
2012/7/27,7124.49
2012/7/30,7158.88
2012/7/31,7270.49
2012/8/1,7267.96
2012/8/3,7217.51
2012/8/6,7286.33
2012/8/7,7295.46
2012/8/8,7319.8
2012/8/9,7433.7
2012/8/10,7441.12
2012/8/13,7436.3
2012/8/14,7479.25
2012/8/15,7467.74
2012/8/16,7490.21
2012/8/17,7467.92
2012/8/20,7431.91
2012/8/21,7506.81
2012/8/22,7496.58
2012/8/23,7505.17
2012/8/24,7477.53
2012/8/27,7468.22
2012/8/28,7361.94
2012/8/29,7391.15
2012/8/30,7371.44
2012/8/31,7397.06
2012/9/3,7450.53
2012/9/4,7451.35
2012/9/5,7367.44
2012/9/6,7326.72
2012/9/7,7424.91
2012/9/10,7482.74
2012/9/11,7485.13
2012/9/12,7570.45
2012/9/13,7578.8
2012/9/14,7738.05
2012/9/17,7762.22
2012/9/18,7734.26
2012/9/19,7781.91
2012/9/20,7727.55
2012/9/21,7754.59
2012/9/24,7768.3
2012/9/25,7734.13
2012/9/26,7669.63
2012/9/27,7683.8
2012/9/28,7715.16
2012/10/1,7675.72
2012/10/2,7718.68
2012/10/3,7684.63
2012/10/4,7682.34
2012/10/5,7690.65
2012/10/8,7615.89
2012/10/9,7592.01
2012/10/11,7451.72
2012/10/12,7437.04
2012/10/15,7418.9
2012/10/16,7471.02
2012/10/17,7464.4
2012/10/18,7465.41
2012/10/19,7408.76
2012/10/22,7373.04
2012/10/23,7337.48
2012/10/24,7314.88
2012/10/25,7262.08
2012/10/26,7134.06
2012/10/29,7091.67
2012/10/30,7182.59
2012/10/31,7166.05
2012/11/1,7179.64
2012/11/2,7210.47
2012/11/5,7185.36
2012/11/6,7236.68
2012/11/7,7287.18
2012/11/8,7242.63
2012/11/9,7293.22
2012/11/12,7267.75
2012/11/13,7136.05
2012/11/14,7159.75
2012/11/15,7143.84
2012/11/16,7130.07
2012/11/19,7129.04
2012/11/20,7145.77
2012/11/21,7088.49
2012/11/22,7105.76
2012/11/23,7326.01
2012/11/26,7407.37
2012/11/27,7430.2
2012/11/28,7434.93
2012/11/29,7503.55
2012/11/30,7580.17
2012/12/3,7599.91
2012/12/4,7600.98
2012/12/5,7649.05
2012/12/6,7623.26
2012/12/7,7642.26
2012/12/10,7609.5
2012/12/11,7613.69
2012/12/12,7690.19
2012/12/13,7757.09
2012/12/14,7698.77
2012/12/17,7631.28
2012/12/18,7643.74
2012/12/19,7677.47
2012/12/20,7595.46
2012/12/21,7519.93
2012/12/22,7540.14
2012/12/24,7535.52
2012/12/25,7636.57
2012/12/26,7634.19
2012/12/27,7648.41
2012/12/28,7699.5
2013/1/2,7779.22
2013/1/3,7836.84
2013/1/4,7805.99
2013/1/7,7755.09
2013/1/8,7721.66
2013/1/9,7738.64
2013/1/10,7811.64
2013/1/11,7819.15
2013/1/14,7823.97
2013/1/15,7765.02
2013/1/16,7700.43
2013/1/17,7616.64
2013/1/18,7732.87
2013/1/21,7724.92
2013/1/22,7759.1
2013/1/23,7744.18
2013/1/24,7695.99
2013/1/25,7672.58
2013/1/28,7714.67
2013/1/29,7802
2013/1/30,7832.98
2013/1/31,7850.02
2013/2/1,7855.97
2013/2/4,7923.16
2013/2/5,7886.94
2013/2/6,7906.65
2013/2/18,7943.53
2013/2/19,7960.88
2013/2/20,8029.1
2013/2/21,7957.46
2013/2/22,7947.72
2013/2/23,7986.89
2013/2/25,7947.68
2013/2/26,7880.9
2013/2/27,7897.98
2013/3/1,7964.63
2013/3/4,7867.34
2013/3/5,7932.71
2013/3/6,7950.3
2013/3/7,7960.51
2013/3/8,8015.14
2013/3/11,8038.72
2013/3/12,7994.71
2013/3/13,7995.51
2013/3/14,7951.76
2013/3/15,7927.49
2013/3/18,7811.34
2013/3/19,7838.47
2013/3/20,7798.03
2013/3/21,7811.84
2013/3/22,7796.22
2013/3/25,7856.12
2013/3/26,7856.36
2013/3/27,7894.12
2013/3/28,7866.88
2013/3/29,7918.61
2013/4/1,7899.24
2013/4/2,7913.18
2013/4/3,7942.35
2013/4/8,7752.79
2013/4/9,7728.54
2013/4/10,7752.8
2013/4/11,7857.98
2013/4/12,7821.63
2013/4/15,7763.53
2013/4/16,7801.05
2013/4/17,7809.07
2013/4/18,7791.35
2013/4/19,7930.8
2013/4/22,7970.38
2013/4/23,7942.77
2013/4/24,8023.71
2013/4/25,8021.75
2013/4/26,8022.06
2013/4/29,8029.74
2013/4/30,8093.66
2013/5/2,8128.51
2013/5/3,8135.03
2013/5/6,8169.05
2013/5/7,8163.06
2013/5/8,8267.09
2013/5/9,8285.89
2013/5/10,8280.26
2013/5/13,8248.32
2013/5/14,8251.82
2013/5/15,8318.59
2013/5/16,8390.05
2013/5/17,8368.19
2013/5/20,8377.05
2013/5/21,8383.05
2013/5/22,8398.84
2013/5/23,8237.83
2013/5/24,8209.78
2013/5/27,8280.1
2013/5/28,8263.05
2013/5/29,8337.9
2013/5/30,8243.29
2013/5/31,8254.8
2013/6/3,8201.02
2013/6/4,8191.22
2013/6/5,8181.91
2013/6/6,8096.14
2013/6/7,8095.2
2013/6/10,8160.55
2013/6/11,8116.15
2013/6/13,7951.66
2013/6/14,7937.74
2013/6/17,7992.89
2013/6/18,8011.02
2013/6/19,8007.39
2013/6/20,7898.91
2013/6/21,7793.31
2013/6/24,7758.03
2013/6/25,7663.23
2013/6/26,7784.8
2013/6/27,7883.9
2013/6/28,8062.21
2013/7/1,8036
2013/7/2,8015.86
2013/7/3,7911.42
2013/7/4,7893.72
2013/7/5,8001.82
2013/7/8,7886.34
2013/7/9,7971.18
2013/7/10,8011.69
2013/7/11,8179.54
2013/7/12,8220.49
2013/7/15,8254.68
2013/7/16,8260.11
2013/7/17,8258.95
2013/7/18,8194.88
2013/7/19,8062.03
2013/7/22,8105.45
2013/7/23,8214.65
2013/7/24,8196.19
2013/7/25,8163.58
2013/7/26,8149.4
2013/7/29,8084.5
2013/7/30,8163.55
2013/7/31,8107.94
2013/8/1,8056.22
2013/8/2,8099.88
2013/8/5,8138.63
2013/8/6,8038.91
2013/8/7,7921.29
2013/8/8,7907.67
2013/8/9,7856.14
2013/8/12,7903.38
2013/8/13,7986.27
2013/8/14,7951.33
2013/8/15,7887.26
2013/8/16,7925
2013/8/19,7900.21
2013/8/20,7832.65
2013/8/22,7814.38
2013/8/23,7873.31
2013/8/26,7894.97
2013/8/27,7820.84
2013/8/28,7824.54
2013/8/29,7917.66
2013/8/30,8021.89
2013/9/2,8038.86
2013/9/3,8088.37
2013/9/4,8083.44
2013/9/5,8169.1
2013/9/6,8164.2
2013/9/9,8192.11
2013/9/10,8208.77
2013/9/11,8208.99
2013/9/12,8225.36
2013/9/13,8168.2
2013/9/14,8142.48
2013/9/16,8255.34
2013/9/17,8249.78
2013/9/18,8209.18
2013/9/23,8292.83
2013/9/24,8299.12
2013/9/25,8283.9
2013/9/26,8184.68
2013/9/27,8230.68
2013/9/30,8173.87
2013/10/1,8187.02
2013/10/2,8216.52
2013/10/3,8359.02
2013/10/4,8364.55
2013/10/7,8333.66
2013/10/8,8375.65
2013/10/9,8344.73
2013/10/11,8349.37
2013/10/14,8273.96
2013/10/15,8367.88
2013/10/16,8332.18
2013/10/17,8374.68
2013/10/18,8441.19
2013/10/21,8419.32
2013/10/22,8418.27
2013/10/23,8393.62
2013/10/24,8413.72
2013/10/25,8346.62
2013/10/28,8407.83
2013/10/29,8420.98
2013/10/30,8465.06
2013/10/31,8450.06
2013/11/1,8388.18
2013/11/4,8354.14
2013/11/5,8262.2
2013/11/6,8281.97
2013/11/7,8283.71
2013/11/8,8229.59
2013/11/11,8182.56
2013/11/12,8195.26
2013/11/13,8104.26
2013/11/14,8134.91
2013/11/15,8177.12
2013/11/18,8191.46
2013/11/19,8260.21
2013/11/20,8204.46
2013/11/21,8099.45
2013/11/22,8116.78
2013/11/25,8187.51
2013/11/26,8248.02
2013/11/27,8295.88
2013/11/28,8362.43
2013/11/29,8406.83
2013/12/2,8414.61
2013/12/3,8392.55
2013/12/4,8418
2013/12/5,8375.54
2013/12/6,8367.72
2013/12/9,8444.62
2013/12/10,8443.39
2013/12/11,8433.77
2013/12/12,8361.33
2013/12/13,8376.94
2013/12/16,8313.87
2013/12/17,8352.93
2013/12/18,8349.04
2013/12/19,8407.4
2013/12/20,8408.53
2013/12/23,8456.46
2013/12/24,8450.49
2013/12/25,8467.76
2013/12/26,8485.89
2013/12/27,8535.04
2013/12/30,8623.43
2013/12/31,8611.51
2014/1/2,8612.54
2014/1/3,8546.54
2014/1/6,8500.01
2014/1/7,8512.3
2014/1/8,8556.01
2014/1/9,8514.68
2014/1/10,8529.35
2014/1/13,8566.2
2014/1/14,8548.14
2014/1/15,8602.55
2014/1/16,8612.11
2014/1/17,8596
2014/1/20,8621.56
2014/1/21,8599.9
2014/1/22,8625.3
2014/1/23,8595.1
2014/1/24,8598.31
2014/1/27,8462.57
2014/2/5,8264.48
2014/2/6,8311.01
2014/2/7,8387.35
2014/2/10,8391.95
2014/2/11,8430.56
2014/2/12,8510.87
2014/2/13,8467.7
2014/2/14,8513.68
2014/2/17,8519.55
2014/2/18,8556.23
2014/2/19,8577.01
2014/2/20,8524.62
2014/2/21,8601.86
2014/2/24,8560.61
2014/2/25,8575.62
2014/2/26,8600.86
2014/2/27,8639.58
2014/3/3,8601.98
2014/3/4,8554.54
2014/3/5,8632.93
2014/3/6,8713.79
2014/3/7,8713.96
2014/3/10,8665.24
2014/3/11,8702.33
2014/3/12,8684.73
2014/3/13,8747.79
2014/3/14,8687.63
2014/3/17,8700.1
2014/3/18,8731.94
2014/3/19,8689.46
2014/3/20,8597.33
2014/3/21,8577.17
2014/3/24,8605.38
2014/3/25,8689.3
2014/3/26,8737.27
2014/3/27,8779.57
2014/3/28,8774.64
2014/3/31,8849.28
2014/4/1,8873.15
2014/4/2,8905.45
2014/4/3,8888.54
2014/4/7,8876.44
2014/4/8,8888.25
2014/4/9,8930.57
2014/4/10,8948.1
2014/4/11,8908.05
2014/4/14,8857.42
2014/4/15,8916.71
2014/4/16,8923.82
2014/4/17,8944.16
2014/4/18,8966.66
2014/4/21,8951.19
2014/4/22,8974.71
2014/4/23,8956.92
2014/4/24,8945.45
2014/4/25,8774.12
2014/4/28,8809.71
2014/4/29,8872.11
2014/4/30,8791.44
2014/5/2,8867.32
2014/5/5,8870.43
2014/5/6,8912.39
2014/5/7,8893.22
2014/5/8,8930.9
2014/5/9,8889.69
2014/5/12,8808.61
2014/5/13,8817.94
2014/5/14,8875.16
2014/5/15,8880.65
2014/5/16,8888.45
2014/5/19,8899.9
2014/5/20,8887.79
2014/5/21,8862.42
2014/5/22,8969.63
2014/5/23,9008.22
2014/5/26,9036.12
2014/5/27,9055.29
2014/5/28,9121.71
2014/5/29,9109
2014/5/30,9075.91
2014/6/3,9123.46
2014/6/4,9119.96
2014/6/5,9140.72
2014/6/6,9134.46
2014/6/9,9162.74
2014/6/10,9222.37
2014/6/11,9229.8
2014/6/12,9204.65
2014/6/13,9196.39
2014/6/16,9202.93
2014/6/17,9240.6
2014/6/18,9279.93
2014/6/19,9316.81
2014/6/20,9273.79
2014/6/23,9228.35
2014/6/24,9246.2
2014/6/25,9242.16
2014/6/26,9320.94
2014/6/27,9306.83
2014/6/30,9393.07
2014/7/1,9441.92
2014/7/2,9484.96
2014/7/3,9526.23
2014/7/4,9510.05
2014/7/7,9520.2
2014/7/8,9530.98
2014/7/9,9489.98
2014/7/10,9565.12
2014/7/11,9495.84
2014/7/14,9520.3
2014/7/15,9569.17
2014/7/16,9484.73
2014/7/17,9408.24
2014/7/18,9400.97
2014/7/21,9440.97
2014/7/22,9499.36
2014/7/24,9527.54
2014/7/25,9439.29
2014/7/28,9420.18
2014/7/29,9391.88
2014/7/30,9447.02
2014/7/31,9315.85
2014/8/1,9266.51
2014/8/4,9330.19
2014/8/5,9141.44
2014/8/6,9143.97
2014/8/7,9131.44
2014/8/8,9085.96
2014/8/11,9172.91
2014/8/12,9163.12
2014/8/13,9231.31
2014/8/14,9230.61
2014/8/15,9206.81
2014/8/18,9141.31
2014/8/19,9243.78
2014/8/20,9288.05
2014/8/21,9253.38
2014/8/22,9380.1
2014/8/25,9390.62
2014/8/26,9393.96
2014/8/27,9485.59
2014/8/28,9478.37
2014/8/29,9436.27
2014/9/1,9513.06
2014/9/2,9399.72
2014/9/3,9450.35
2014/9/4,9428.89
2014/9/5,9407.94
2014/9/9,9434.77
2014/9/10,9357.61
2014/9/11,9322.95
2014/9/12,9223.18
2014/9/15,9217.46
2014/9/16,9133.4
2014/9/17,9195.17
2014/9/18,9237.03
2014/9/19,9240.45
2014/9/22,9134.65
2014/9/23,9084.9
2014/9/24,9098.49
2014/9/25,9011.59
2014/9/26,8989.82
2014/9/29,8960.76
2014/9/30,8966.92
2014/10/1,8990.26
2014/10/2,8975.19
2014/10/3,9106.28
2014/10/6,9095.14
2014/10/7,9040.81
2014/10/8,8955.18
2014/10/9,8966.44
2014/10/13,8711.39
2014/10/14,8768.39
2014/10/15,8655.51
2014/10/16,8633.69
2014/10/17,8512.88
2014/10/20,8663.14
2014/10/21,8654.64
2014/10/22,8748.83
2014/10/23,8731.07
2014/10/24,8646.01
2014/10/27,8627.78
2014/10/28,8773.55
2014/10/29,8903.68
2014/10/30,8888.07
2014/10/31,8974.76
2014/11/3,9004.86
2014/11/4,8989.18
2014/11/5,8962.6
2014/11/6,8891.02
2014/11/7,8912.62
2014/11/10,9049.98
2014/11/11,9034.14
2014/11/12,8918.95
2014/11/13,8980.67
2014/11/14,8982.88
2014/11/17,8884.39
2014/11/18,8859.07
2014/11/19,8963.24
2014/11/20,9078.87
2014/11/21,9091.53
2014/11/24,9122.33
2014/11/25,9116.24
2014/11/26,9122.39
2014/11/27,9165.31
2014/11/28,9187.15
2014/12/1,9117.71
2014/12/2,9034.79
2014/12/3,9175.26
2014/12/4,9225.11
2014/12/5,9206.57
2014/12/8,9187.29
2014/12/9,9128.9
2014/12/10,9032.16
2014/12/11,9013.07
2014/12/12,9027.33
2014/12/15,8985.63
2014/12/16,8950.91
2014/12/17,8828.36
2014/12/18,8878.63
2014/12/19,8999.52
2014/12/22,9095
2014/12/23,9097.71
2014/12/24,9186.18
2014/12/25,9158.7
2014/12/26,9214.07
2014/12/27,9218.5
2014/12/29,9286.28
2014/12/30,9268.43
2014/12/31,9307.26
2015/1/5,9274.11
2015/1/6,9048.34
2015/1/7,9080.09
2015/1/8,9238.03
2015/1/9,9215.58
2015/1/12,9178.3
2015/1/13,9231.8
2015/1/14,9180.23
2015/1/15,9165.09
2015/1/16,9138.29
2015/1/19,9174.06
2015/1/20,9251.69
2015/1/21,9319.71
2015/1/22,9369.51
2015/1/23,9470.94
2015/1/26,9477.67
2015/1/27,9521.59
2015/1/28,9510.92
2015/1/29,9426.9
2015/1/30,9361.91
2015/2/2,9386.99
2015/2/3,9448.73
2015/2/4,9513.92
2015/2/5,9512.05
2015/2/6,9456.18
2015/2/9,9421.5
2015/2/10,9393.7
2015/2/11,9462.22
2015/2/12,9496.31
2015/2/13,9529.51
2015/2/24,9629.37
2015/2/25,9699.54
2015/2/26,9622.1
2015/3/2,9601.36
2015/3/3,9605.77
2015/3/4,9621.73
2015/3/5,9595.09
2015/3/6,9645.77
2015/3/9,9562.98
2015/3/10,9536.53
2015/3/11,9523.18
2015/3/12,9596
2015/3/13,9579.35
2015/3/16,9512.91
2015/3/17,9539.44
2015/3/18,9653.43
2015/3/19,9736.73
2015/3/20,9749.69
2015/3/23,9758.09
2015/3/24,9731.66
2015/3/25,9667.83
2015/3/26,9619.12
2015/3/27,9503.72
2015/3/30,9521.87
2015/3/31,9586.44
2015/4/1,9507.66
2015/4/2,9600.32
2015/4/7,9641.9
2015/4/8,9571.97
2015/4/9,9568.04
2015/4/10,9617.7
2015/4/13,9666.52
2015/4/14,9642.22
2015/4/15,9540.06
2015/4/16,9656.87
2015/4/17,9570.93
2015/4/20,9552.85
2015/4/21,9533.98
2015/4/22,9613
2015/4/23,9797.49
2015/4/24,9913.28
2015/4/27,9973.12
2015/4/28,9956.83
2015/4/29,9853.83
2015/4/30,9820.05
2015/5/4,9845.04
2015/5/5,9820.13
2015/5/6,9818.2
2015/5/7,9704.11
2015/5/8,9692
2015/5/11,9663.72
2015/5/12,9680.73
2015/5/13,9724.11
2015/5/14,9610.83
2015/5/15,9579.48
2015/5/18,9606.1
2015/5/19,9716.77
2015/5/20,9685.31
2015/5/21,9578.56
2015/5/22,9638.8
2015/5/25,9645.17
2015/5/26,9669.41
2015/5/27,9693.54
2015/5/28,9712.84
2015/5/29,9701.07
2015/6/1,9625.69
2015/6/2,9614.26
2015/6/3,9556.52
2015/6/4,9348.63
2015/6/5,9340.13
2015/6/8,9368.43
2015/6/9,9191.87
2015/6/10,9298.5
2015/6/11,9302.49
2015/6/12,9301.93
2015/6/15,9259.48
2015/6/16,9212.78
2015/6/17,9189.83
2015/6/18,9218.37
2015/6/22,9341.77
2015/6/23,9391.14
2015/6/24,9397.31
2015/6/25,9476.34
2015/6/26,9462.57
2015/6/29,9236.1
2015/6/30,9323.02
2015/7/1,9375.23
2015/7/2,9379.24
2015/7/3,9358.23
2015/7/6,9255.96
2015/7/7,9250.16
2015/7/8,8976.11
2015/7/9,8914.13
2015/7/13,9033.92
2015/7/14,9041.76
2015/7/15,9054.2
2015/7/16,9042.21
2015/7/17,9045.98
2015/7/20,8975
2015/7/21,9005.96
2015/7/22,8918.7
2015/7/23,8791.12
2015/7/24,8767.86
2015/7/27,8556.68
2015/7/28,8582.49
2015/7/29,8563.48
2015/7/30,8651.49
2015/7/31,8665.34
2015/8/3,8524.41
2015/8/4,8510.86
2015/8/5,8542.27
2015/8/6,8449.56
2015/8/7,8442.29
2015/8/10,8466.84
2015/8/11,8394.14
2015/8/12,8283.38
2015/8/13,8311.74
2015/8/14,8305.64
2015/8/17,8213.42
2015/8/18,8177.22
2015/8/19,8021.84
2015/8/20,8029.81
2015/8/21,7786.92
2015/8/24,7410.34
2015/8/25,7675.64
2015/8/26,7715.59
2015/8/27,7824.55
2015/8/28,8019.18
2015/8/31,8174.92
2015/9/1,8017.56
2015/9/2,8035.29
2015/9/3,8095.95
2015/9/4,8000.6
2015/9/7,7986.56
2015/9/8,8001.5
2015/9/9,8286.92
2015/9/10,8268.68
2015/9/11,8305.82
2015/9/14,8307.29
2015/9/15,8259.99
2015/9/16,8333.29
2015/9/17,8445.5
2015/9/18,8462.14
2015/9/21,8307.04
2015/9/22,8365.92
2015/9/23,8193.42
2015/9/24,8123.1
2015/9/25,8132.35
2015/9/30,8181.24
2015/10/1,8295.94
2015/10/2,8305.03
2015/10/5,8352.36
2015/10/6,8394.1
2015/10/7,8495.23
2015/10/8,8445.96
2015/10/12,8573.72
2015/10/13,8567.92
2015/10/14,8522.51
2015/10/15,8601.52
2015/10/16,8604.95
2015/10/19,8631.5
2015/10/20,8653.6
2015/10/21,8609.23
2015/10/22,8608.46
2015/10/23,8673.81
2015/10/26,8745.36
2015/10/27,8701.32
2015/10/28,8665.99
2015/10/29,8571.08
2015/10/30,8554.31
2015/11/2,8614.77
2015/11/3,8713.19
2015/11/4,8857.02
2015/11/5,8850.18
2015/11/6,8693.57
2015/11/9,8642.48
2015/11/10,8536.9
2015/11/11,8415.01
2015/11/12,8428.09
2015/11/13,8329.5
2015/11/16,8295.4
2015/11/17,8419.42
2015/11/18,8340.47
2015/11/19,8477.2
2015/11/20,8465.45
2015/11/23,8485.73
2015/11/24,8400.14
2015/11/25,8386.13
2015/11/26,8484.9
2015/11/27,8398.4
2015/11/30,8320.61
2015/12/1,8463.3
2015/12/2,8457.4
2015/12/3,8456.06
2015/12/4,8398.6
2015/12/7,8454.27
2015/12/8,8343.86
2015/12/9,8229.62
2015/12/10,8216.17
2015/12/11,8115.89
2015/12/14,8040.16
2015/12/15,8073.35
2015/12/16,8184.66
2015/12/17,8319.67
2015/12/18,8257.32
2015/12/21,8282.17
2015/12/22,8292.74
2015/12/23,8315.7
2015/12/24,8324.36
2015/12/25,8363.28
2015/12/28,8358.49
2015/12/29,8293.91
2015/12/30,8279.99
2015/12/31,8338.06
2016/1/4,8114.26
2016/1/5,8075.11
2016/1/6,7990.39
2016/1/7,7852.06
2016/1/8,7893.97
2016/1/11,7788.42
2016/1/12,7768.45
2016/1/13,7824.61
2016/1/14,7742.88
2016/1/15,7762.01
2016/1/18,7811.18
2016/1/19,7854.88
2016/1/20,7699.12
2016/1/21,7664.01
2016/1/22,7756.18
2016/1/25,7894.15
2016/1/26,7828.67
2016/1/27,7849.83
2016/1/28,7905.1
2016/1/29,8080.6
2016/1/30,8145.21
2016/2/1,8156.96
2016/2/2,8131.24
2016/2/3,8063
2016/2/15,8066.51
2016/2/16,8212.07
2016/2/17,8214.25
2016/2/18,8314.67
2016/2/19,8325.04
2016/2/22,8326.68
2016/2/23,8334.64
2016/2/24,8282.86
2016/2/25,8365.86
2016/2/26,8411.16
2016/3/1,8485.69
2016/3/2,8544.05
2016/3/3,8611.79
2016/3/4,8643.55
2016/3/7,8659.55
2016/3/8,8664.31
2016/3/9,8634.11
2016/3/10,8660.7
2016/3/11,8706.14
2016/3/14,8747.9
2016/3/15,8611.18
2016/3/16,8699.14
2016/3/17,8734.54
2016/3/18,8810.71
2016/3/21,8812.7
2016/3/22,8785.68
2016/3/23,8766.09
2016/3/24,8743.38
2016/3/25,8704.97
2016/3/28,8690.45
2016/3/29,8617.35
2016/3/30,8737.04
2016/3/31,8744.83
2016/4/1,8657.55
2016/4/6,8513.3
2016/4/7,8490.25
2016/4/8,8541.5
2016/4/11,8562.59
2016/4/12,8531.18
2016/4/13,8652.08
2016/4/14,8667.71
2016/4/15,8700.39
2016/4/18,8666.01
2016/4/19,8633.72
2016/4/20,8514.48
2016/4/21,8568.65
2016/4/22,8535.75
2016/4/25,8560.28
2016/4/26,8581.57
2016/4/27,8563.05
2016/4/28,8473.87
2016/4/29,8377.9
2016/5/3,8294.12
2016/5/4,8185.47
2016/5/5,8167.96
2016/5/6,8146.43
2016/5/9,8131.83
2016/5/10,8156.29
2016/5/11,8135.56
2016/5/12,8108.05
2016/5/13,8053.69
2016/5/16,8067.6
2016/5/17,8140.48
2016/5/18,8159.68
2016/5/19,8095.98
2016/5/20,8131.26
2016/5/23,8344.44
2016/5/24,8300.66
2016/5/25,8396.2
2016/5/26,8394.12
2016/5/27,8463.61
2016/5/30,8535.87
2016/5/31,8535.59
2016/6/1,8597.16
2016/6/2,8556.02
2016/6/3,8587.36
2016/6/4,8591.57
2016/6/6,8597.11
2016/6/7,8679.9
2016/6/8,8715.48
2016/6/13,8536.22
2016/6/14,8576.12
2016/6/15,8606.37
2016/6/16,8494.14
2016/6/17,8568.08
2016/6/20,8625.92
2016/6/21,8684.85
2016/6/22,8716.25
2016/6/23,8676.68
2016/6/24,8476.99
2016/6/27,8458.87
2016/6/28,8505.51
2016/6/29,8586.56
2016/6/30,8666.58
2016/7/1,8738.24
2016/7/4,8760.58
2016/7/5,8716.07
2016/7/6,8575.75
2016/7/7,8640.91
2016/7/11,8786.47
2016/7/12,8841.46
2016/7/13,8857.75
2016/7/14,8866.36
2016/7/15,8949.85
2016/7/18,9008.21
2016/7/19,9034.87
2016/7/20,9007.68
2016/7/21,9056.56
2016/7/22,9013.14
2016/7/25,8991.67
2016/7/26,9024.79
2016/7/27,9063.39
2016/7/28,9076.64
2016/7/29,8984.41
2016/8/1,9080.71
2016/8/2,9068.76
2016/8/3,9001.71
2016/8/4,9024.71
2016/8/5,9092.12
2016/8/8,9150.26
2016/8/9,9155.08
2016/8/10,9200.42
2016/8/11,9131.83
2016/8/12,9150.39
2016/8/15,9148.51
2016/8/16,9110.36
2016/8/17,9117.7
2016/8/18,9122.5
2016/8/19,9034.27
2016/8/22,8981.81
2016/8/23,9030.93
2016/8/24,9017.38
2016/8/25,9115.47
2016/8/26,9131.72
2016/8/29,9110.17
2016/8/30,9110.56
2016/8/31,9068.85
2016/9/1,9001.15
2016/9/2,8987.55
2016/9/5,9090.13
2016/9/6,9181.85
2016/9/7,9259.07
2016/9/8,9262.89
2016/9/9,9164.88
2016/9/10,9053.69
2016/9/12,8947.06
2016/9/13,8940.83
2016/9/14,8902.3
2016/9/19,9152.88
2016/9/20,9161.58
2016/9/21,9228.5
2016/9/22,9235.26
2016/9/23,9284.62
2016/9/26,9194.52
2016/9/29,9270.9
2016/9/30,9166.85
2016/10/3,9234.2
2016/10/4,9287.77
2016/10/5,9272.28
2016/10/6,9284.31
2016/10/7,9265.81
2016/10/11,9219.82
2016/10/12,9252.6
2016/10/13,9219.17
2016/10/14,9165.17
2016/10/17,9176.22
2016/10/18,9222.58
2016/10/19,9283.99
2016/10/20,9317.24
2016/10/21,9306.57
2016/10/24,9322.5
2016/10/25,9385.65
2016/10/26,9362.25
2016/10/27,9299.55
2016/10/28,9306.92
2016/10/31,9290.12
2016/11/1,9272.7
2016/11/2,9139.04
2016/11/3,9067.27
2016/11/4,9068.15
2016/11/7,9189.84
2016/11/8,9217.43
2016/11/9,8943.2
2016/11/10,9152.18
2016/11/11,8957.76
2016/11/14,8940.4
2016/11/15,8931.03
2016/11/16,8962.22
2016/11/17,8995.26
2016/11/18,9008.79
2016/11/21,9041.11
2016/11/22,9133.39
2016/11/23,9178.23
2016/11/24,9152.11
2016/11/25,9159.07
2016/11/28,9222.24
2016/11/29,9192.38
2016/11/30,9240.71
2016/12/1,9263.53
2016/12/2,9189.49
2016/12/5,9160.66
2016/12/6,9250.77
2016/12/7,9263.89
2016/12/8,9375.86
2016/12/9,9392.68
2016/12/12,9349.94
2016/12/13,9382.14
2016/12/14,9368.52
2016/12/15,9360.35
2016/12/16,9326.78
2016/12/19,9239.32
2016/12/20,9242.41
2016/12/21,9204.26
2016/12/22,9118.75
2016/12/23,9078.64
2016/12/26,9110.54
2016/12/27,9109.27
2016/12/28,9201.4
2016/12/29,9153.09
2016/12/30,9253.5
2017/1/3,9272.88
2017/1/4,9286.96
2017/1/5,9358.14
2017/1/6,9372.22
2017/1/9,9342.42
2017/1/10,9349.64
2017/1/11,9345.74
2017/1/12,9410.18
2017/1/13,9378.83
2017/1/16,9292.33
2017/1/17,9354.53
2017/1/18,9341.97
2017/1/19,9318.12
2017/1/20,9331.46
2017/1/23,9424.05
2017/1/24,9447.95
2017/2/2,9428.97
2017/2/3,9455.56
2017/2/6,9538.01
2017/2/7,9554.56
2017/2/8,9543.25
2017/2/9,9590.18
2017/2/10,9665.59
2017/2/13,9710.32
2017/2/14,9718.78
2017/2/15,9799.76
2017/2/16,9771.25
2017/2/17,9759.76
2017/2/18,9779.92
2017/2/20,9753.2
2017/2/21,9763.93
2017/2/22,9778.78
2017/2/23,9769.31
2017/2/24,9750.47
2017/3/1,9674.78
2017/3/2,9691.8
2017/3/3,9648.21
2017/3/6,9682.63
2017/3/7,9738.07
2017/3/8,9753.45
2017/3/9,9658.61
2017/3/10,9627.89
2017/3/13,9697.34
2017/3/14,9744.21
2017/3/15,9740.31
2017/3/16,9837.83
2017/3/17,9908.69
2017/3/20,9912.97
2017/3/21,9972.49
2017/3/22,9922.66
2017/3/23,9930.74
2017/3/24,9902.98
2017/3/27,9876.77
2017/3/28,9876.45
2017/3/29,9856.25
2017/3/30,9848.15
2017/3/31,9811.52
2017/4/5,9949.48
2017/4/6,9897.8
2017/4/7,9873.37
2017/4/10,9882.54
2017/4/11,9832.42
2017/4/12,9817.68
2017/4/13,9836.68
2017/4/14,9732.93
2017/4/17,9716.4
2017/4/18,9746.56
2017/4/19,9639.94
2017/4/20,9632.69
2017/4/21,9717.41
2017/4/24,9717.95
2017/4/25,9841.71
2017/4/26,9856.45
2017/4/27,9860.62
2017/4/28,9872
2017/5/2,9941.27
2017/5/3,9955.33
2017/5/4,9967.64
2017/5/5,9899.94
2017/5/8,9937.25
2017/5/9,9915.48
2017/5/10,9968.32
2017/5/11,10001.48
2017/5/12,9986.82
2017/5/15,10036.82
2017/5/16,10031.49
2017/5/17,10013.67
2017/5/18,9969.45
2017/5/19,9947.62
2017/5/22,9997.26
2017/5/23,10007.84
2017/5/24,10044.42
2017/5/25,10108.49
2017/5/26,10101.95
2017/5/31,10040.72
2017/6/1,10087.42
2017/6/2,10152.53
2017/6/3,10158.15
2017/6/5,10226.84
2017/6/6,10206.18
2017/6/7,10209.99
2017/6/8,10225.78
2017/6/9,10199.65
2017/6/12,10109.96
2017/6/13,10128.15
2017/6/14,10072.46
2017/6/15,10088.35
2017/6/16,10156.73
2017/6/19,10250.6
2017/6/20,10324.46
2017/6/21,10349.72
2017/6/22,10399.06
2017/6/23,10377.7
2017/6/26,10513.96
2017/6/27,10512.06
2017/6/28,10390.55
2017/6/29,10421.65
2017/6/30,10395.07
2017/7/3,10412.79
2017/7/4,10347.78
2017/7/5,10404.79
2017/7/6,10368.2
2017/7/7,10297.25
2017/7/10,10289.91
2017/7/11,10415.57
2017/7/12,10420.68
2017/7/13,10460.15
2017/7/14,10443.91
2017/7/17,10457.54
2017/7/18,10481.26
2017/7/19,10506.1
2017/7/20,10499.36
2017/7/21,10436.7
2017/7/24,10461.28
2017/7/25,10463.15
2017/7/26,10419.11
2017/7/27,10508.37
2017/7/28,10423.05
2017/7/31,10427.33
2017/8/1,10437.29
2017/8/2,10519.27
2017/8/3,10469.88
2017/8/4,10506.56
2017/8/7,10579.38
2017/8/8,10568.97
2017/8/9,10470.38
2017/8/10,10329.74
2017/8/11,10329.57
2017/8/14,10225.28
2017/8/15,10311.16
2017/8/16,10290.39
2017/8/17,10369.37
2017/8/18,10321.33
2017/8/21,10326.39
2017/8/22,10392.07
2017/8/23,10406.81
2017/8/24,10488.96
2017/8/25,10515.51
2017/8/28,10525.98
2017/8/29,10496.57
2017/8/30,10569.4
2017/8/31,10585.78
2017/9/1,10594.82
2017/9/4,10569.87
2017/9/5,10617.84
2017/9/6,10547.86
2017/9/7,10538.51
2017/9/8,10609.95
2017/9/11,10572.16
2017/9/12,10610.35
2017/9/13,10532.88
2017/9/14,10553.57
2017/9/15,10580.41
2017/9/18,10631.57
2017/9/19,10576.14
2017/9/20,10519.17
2017/9/21,10578.44
2017/9/22,10449.68
2017/9/25,10335.89
2017/9/26,10257.02
2017/9/27,10326.68
2017/9/28,10296.45
2017/9/29,10329.94
2017/9/30,10383.94
2017/10/2,10465.16
2017/10/3,10469.35
2017/10/5,10518.27
2017/10/6,10532.81
2017/10/11,10641.19
2017/10/12,10711.44
2017/10/13,10724.09
2017/10/16,10774.21
2017/10/17,10723.15
2017/10/18,10720.28
2017/10/19,10760.29
2017/10/20,10728.88
2017/10/23,10735.21
2017/10/24,10743.78
2017/10/25,10750.57
2017/10/26,10734.76
2017/10/27,10709.11
2017/10/30,10756.87
2017/10/31,10793.8
2017/11/1,10806.36
2017/11/2,10788.51
2017/11/3,10800.77
2017/11/6,10786.19
2017/11/7,10840.34
2017/11/8,10818.99
2017/11/9,10743.27
2017/11/10,10732.67
2017/11/13,10683.92
2017/11/14,10687.18
2017/11/15,10630.65
2017/11/16,10625.04
2017/11/17,10701.64
2017/11/20,10664.55
2017/11/21,10779.24
2017/11/22,10822.59
2017/11/23,10854.57
2017/11/24,10854.09
2017/11/27,10750.93
2017/11/28,10707.07
2017/11/29,10713.55
2017/11/30,10560.44
2017/12/1,10600.37
2017/12/4,10651.11
2017/12/5,10566.85
2017/12/6,10393.92
2017/12/7,10355.76
2017/12/8,10398.62
2017/12/11,10473.09
2017/12/12,10443.28
2017/12/13,10470.7
2017/12/14,10538.01
2017/12/15,10491.44
2017/12/18,10506.52
2017/12/19,10467.34
2017/12/20,10504.52
2017/12/21,10488.97
2017/12/22,10537.27
2017/12/25,10522.49
2017/12/26,10421.91
2017/12/27,10486.67
2017/12/28,10567.64
2017/12/29,10642.86
2018/1/2,10710.73
2018/1/3,10801.57
2018/1/4,10848.63
2018/1/5,10879.8
2018/1/8,10915.75
2018/1/9,10914.89
2018/1/10,10831.09
2018/1/11,10810.06
2018/1/12,10883.96
2018/1/15,10956.31
2018/1/16,10986.11
2018/1/17,11004.8
2018/1/18,11071.57
2018/1/19,11150.85
2018/1/22,11231.46
2018/1/23,11253.11
2018/1/24,11152.16
2018/1/25,11165.95
2018/1/26,11147.1
2018/1/29,11221.81
2018/1/30,11076.78
2018/1/31,11103.79
2018/2/1,11160.25
2018/2/2,11126.23
2018/2/5,10946.25
2018/2/6,10404
2018/2/7,10551.54
2018/2/8,10528.52
2018/2/9,10371.75
2018/2/12,10421.09
2018/2/21,10714.44
2018/2/22,10662.38
2018/2/23,10794.55
2018/2/26,10836.7
2018/2/27,10815.47
2018/3/1,10785.79
2018/3/2,10698.17
2018/3/5,10642.9
2018/3/6,10784.34
2018/3/7,10745.32
2018/3/8,10823.24
2018/3/9,10864.82
2018/3/12,11002.1
2018/3/13,11095.63
2018/3/14,11038.8
2018/3/15,11018.45
2018/3/16,11027.7
2018/3/19,11046.9
2018/3/20,11010.84
2018/3/21,11011.07
2018/3/22,11005.84
2018/3/23,10823.33
2018/3/26,10840.05
2018/3/27,10986.79
2018/3/28,10865.66
2018/3/29,10845.92
2018/3/30,10906.22
2018/3/31,10919.49
2018/4/2,10888.27
2018/4/3,10821.53
2018/4/9,10893.53
2018/4/10,10927.18
2018/4/11,10974.02
2018/4/12,10955.29
2018/4/13,10965.39
2018/4/16,10954.55
2018/4/17,10810.45
2018/4/18,10847.89
2018/4/19,10971.22
2018/4/20,10779.38
2018/4/23,10697.13
2018/4/24,10579.5
2018/4/25,10559.97
2018/4/26,10488.58
2018/4/27,10553.43
2018/4/30,10657.88
2018/5/2,10618.81
2018/5/3,10514.18
2018/5/4,10529.37
2018/5/7,10604.91
2018/5/8,10691.38
2018/5/9,10703.35
2018/5/10,10760.21
2018/5/11,10858.98
2018/5/14,10952.39
2018/5/15,10874.73
2018/5/16,10897.57
2018/5/17,10833.81
2018/5/18,10830.84
2018/5/21,10966.2
2018/5/22,10938.73
2018/5/23,10886.18
2018/5/24,10936.93
2018/5/25,10942.3
2018/5/28,10987.77
2018/5/29,10964.12
2018/5/30,10821.17
2018/5/31,10874.96
2018/6/1,10949.08
2018/6/4,11109.5
2018/6/5,11100.11
2018/6/6,11201.83
2018/6/7,11251.75
2018/6/8,11156.42
2018/6/11,11149.23
2018/6/12,11144.79
2018/6/13,11173.21
2018/6/14,11013.98
2018/6/15,11087.47
2018/6/19,10904.19
2018/6/20,10927.44
2018/6/21,10941.07
2018/6/22,10899.28
2018/6/25,10786.46
2018/6/26,10742.17
2018/6/27,10701.03
2018/6/28,10654.28
2018/6/29,10836.91
2018/7/2,10777.94
2018/7/3,10715.72
2018/7/4,10721.87
2018/7/5,10611.81
2018/7/6,10608.57
2018/7/9,10720.28
2018/7/10,10756.89
2018/7/11,10676.84
2018/7/12,10738.38
2018/7/13,10864.54
2018/7/16,10817.45
2018/7/17,10778.99
2018/7/18,10842.46
2018/7/19,10835.38
2018/7/20,10932.11
2018/7/23,10946.89
2018/7/24,10995.39
2018/7/25,10965.79
2018/7/26,11010.61
2018/7/27,11075.78
2018/7/30,11033.54
2018/7/31,11057.51
2018/8/1,11098.13
2018/8/2,10929.77
2018/8/3,11012.43
2018/8/6,11024.1
2018/8/7,10983.44
2018/8/8,11075.25
2018/8/9,11028.07
2018/8/10,10983.68
2018/8/13,10748.92
2018/8/14,10824.23
2018/8/15,10716.75
2018/8/16,10683.9
2018/8/17,10690.96
2018/8/20,10699.05
2018/8/21,10792.2
2018/8/22,10804.2
2018/8/23,10863.13
2018/8/24,10809.35
2018/8/27,10902.21
2018/8/28,10989.55
2018/8/29,11099.57
2018/8/30,11093.75
2018/8/31,11063.94
2018/9/3,10964.22
2018/9/4,11021.38
2018/9/5,10995.13
2018/9/6,10924.3
2018/9/7,10846.99
2018/9/10,10725.8
2018/9/11,10752.3
2018/9/12,10722.57
2018/9/13,10727.23
2018/9/14,10868.14
2018/9/17,10828.61
2018/9/18,10760.21
2018/9/19,10857.27
2018/9/20,10831.41
2018/9/21,10972.41
2018/9/25,10978.85
2018/9/26,10974.19
2018/9/27,11034.19
2018/9/28,11006.34
2018/10/1,11051.8
2018/10/2,10919.63
2018/10/3,10863.94
2018/10/4,10718.91
2018/10/5,10517.12
2018/10/8,10455.93
2018/10/9,10466.83
2018/10/11,9806.11
2018/10/12,10045.81
2018/10/15,9901.12
2018/10/16,9981.1
2018/10/17,9979.14
2018/10/18,9953.73
2018/10/19,9919.26
2018/10/22,9974.28
2018/10/23,9775.2
2018/10/24,9759.4
2018/10/25,9520.79
2018/10/26,9489.18
2018/10/29,9516.32
2018/10/30,9526.11
2018/10/31,9802.13
2018/11/1,9844.74
2018/11/2,9906.59
2018/11/5,9889.81
2018/11/6,9824.95
2018/11/7,9908.35
2018/11/8,9945.31
2018/11/9,9830.01
2018/11/12,9831.21
2018/11/13,9775.84
2018/11/14,9791.88
2018/11/15,9826.46
2018/11/16,9797.09
2018/11/19,9828.69
2018/11/20,9743.99
2018/11/21,9741.52
2018/11/22,9714.71
2018/11/23,9667.3
2018/11/26,9765.36
2018/11/27,9778.62
2018/11/28,9884.31
2018/11/29,9885.36
2018/11/30,9888.03
2018/12/3,10137.87
2018/12/4,10083.54
2018/12/5,9916.74
2018/12/6,9684.72
2018/12/7,9760.88
2018/12/10,9647.54
2018/12/11,9707.04
2018/12/12,9816.45
2018/12/13,9858.76
2018/12/14,9774.16
2018/12/17,9787.53
2018/12/18,9718.82
2018/12/19,9783.21
2018/12/20,9674.52
2018/12/21,9676.67
2018/12/22,9646.16
2018/12/24,9639.7
2018/12/25,9527.09
2018/12/26,9478.99
2018/12/27,9641.56
2018/12/28,9727.41
